{
  "Wine": {
    "w1": {
      "accuracy": [
        0.574074,
        0.574074,
        0.574074,
        0.574074,
        0.574074,
        0.574074
      ],
      "pruned": [
        0.0,
        922.0,
        1556.0,
        1078.0,
        1625.0,
        1625.0
      ],
      "times": [
        207.54,
        83.1327,
        84.0731,
        109.894,
        135.697,
        92.0676
      ]
    },
    "w10": {
      "accuracy": [
        0.574074,
        0.574074,
        0.574074,
        0.574074,
        0.574074,
        0.574074
      ],
      "pruned": [
        0.0,
        692.0,
        1420.0,
        875.0,
        1483.0,
        1483.0
      ],
      "times": [
        120.138,
        84.1022,
        67.6374,
        79.6409,
        65.0539,
        59.3355
      ]
    },
    "w2": {
      "accuracy": [
        0.574074,
        0.574074,
        0.574074,
        0.574074,
        0.574074,
        0.574074
      ],
      "pruned": [
        0.0,
        839.0,
        1552.0,
        1004.0,
        1608.0,
        1602.0
      ],
      "times": [
        217.634,
        141.83,
        91.4657,
        101.748,
        76.5942,
        70.8062
      ]
    },
    "w3": {
      "accuracy": [
        0.574074,
        0.574074,
        0.574074,
        0.574074,
        0.574074,
        0.574074
      ],
      "pruned": [
        0.0,
        813.0,
        1550.0,
        994.0,
        1597.0,
        1596.0
      ],
      "times": [
        143.698,
        89.8066,
        70.24,
        79.9718,
        73.1865,
        70.9614
      ]
    },
    "w4": {
      "accuracy": [
        0.574074,
        0.574074,
        0.574074,
        0.574074,
        0.574074,
        0.574074
      ],
      "pruned": [
        0.0,
        809.0,
        1546.0,
        989.0,
        1596.0,
        1595.0
      ],
      "times": [
        135.91,
        109.144,
        74.0841,
        94.1328,
        79.3849,
        63.4865
      ]
    },
    "w5": {
      "accuracy": [
        0.574074,
        0.574074,
        0.574074,
        0.574074,
        0.574074,
        0.574074
      ],
      "pruned": [
        0.0,
        804.0,
        1538.0,
        975.0,
        1593.0,
        1589.0
      ],
      "times": [
        126.137,
        85.1202,
        65.6857,
        76.949,
        66.9927,
        59.1742
      ]
    },
    "w6": {
      "accuracy": [
        0.574074,
        0.574074,
        0.574074,
        0.574074,
        0.574074,
        0.574074
      ],
      "pruned": [
        0.0,
        800.0,
        1531.0,
        964.0,
        1586.0,
        1581.0
      ],
      "times": [
        144.713,
        88.0746,
        66.237,
        79.1181,
        65.6775,
        56.6864
      ]
    },
    "w7": {
      "accuracy": [
        0.574074,
        0.574074,
        0.574074,
        0.574074,
        0.574074,
        0.574074
      ],
      "pruned": [
        0.0,
        758.0,
        1491.0,
        938.0,
        1553.0,
        1553.0
      ],
      "times": [
        126.681,
        94.2974,
        71.3074,
        84.4537,
        67.572,
        78.7936
      ]
    },
    "w8": {
      "accuracy": [
        0.574074,
        0.574074,
        0.574074,
        0.574074,
        0.574074,
        0.574074
      ],
      "pruned": [
        0.0,
        699.0,
        1430.0,
        886.0,
        1489.0,
        1489.0
      ],
      "times": [
        183.12,
        116.639,
        69.8671,
        88.1651,
        72.0139,
        58.7339
      ]
    },
    "w9": {
      "accuracy": [
        0.574074,
        0.574074,
        0.574074,
        0.574074,
        0.574074,
        0.574074
      ],
      "pruned": [
        0.0,
        693.0,
        1424.0,
        875.0,
        1483.0,
        1483.0
      ],
      "times": [
        116.583,
        83.9047,
        65.8966,
        80.2751,
        63.3415,
        67.4862
      ]
    },
    "dev": {
      "time": [
        4.34868,
        2.93805,
        2.1956,
        2.88432,
        1.92862,
        19.82
      ]
    }
  }
}